<?xml version="1.0" encoding="UTF-8"?>
<window>
	<defaultcontrol></defaultcontrol>
	<controls>
	<control type="image">
		<posx>0</posx>
		<posy>0</posy>
		<aspectratio>scale</aspectratio>
		<include>ScreenWidth</include>
		<height>960</height>
		<texture colorblur="grey">$INFO[MusicPlayer.Cover]</texture>
		<aspectratio>scale</aspectratio>
	</control>
	<include>MusicBackground</include>
	<include>CommonTopBar</include>	
	<include>Window_OpenClose_Animation_Zoom</include>
		<control type="button">
			<description>Home Button</description>
			<posx>10</posx>
			<posy>2</posy>
			<width>100</width>
			<height>100</height>
			<font></font>
			<texturenofocus colordiffuse="icons">icon_home.png</texturenofocus>
			<texturefocus colordiffuse="blue">icon_home.png</texturefocus>
			<onclick>Dialog.Close(all)</onclick>
			<onclick>ActivateWindow(Home)</onclick>
		</control>
		<control type="image">
				<posx>110</posx>
				<posy>15</posy>
				<width>1</width>
				<height>70</height>
				<texture>linie_albastra.png</texture>
		</control>
		<control type="group">
			<posx>100r</posx>
			<posy>0</posy>
			<control type="image">
				<posx>0</posx>
				<posy>15</posy>
				<width>1</width>
				<height>70</height>
				<texture>linie_albastra_v.png</texture>
				<colordiffuse></colordiffuse>
			</control>
			<control type="button">
				<description>Close Button</description>
				<posx>4</posx>
				<posy>0</posy>
				<width>100</width>
				<height>100</height>
				<font></font>
				<onclick>Back</onclick>
				<texturefocus colordiffuse="blue">icon_dialog_close.png</texturefocus>
				<texturenofocus colordiffuse="icons">icon_dialog_close.png</texturenofocus>
			</control>
		</control>
		<control type="image">
			<description>fanart</description>
			<posx>0</posx>
			<posy>0</posy>
			<include>ScreenWidth</include>
			<height>960</height>
			<texture background="true">$INFO[Player.Art(fanart)]</texture>
			<aspectratio>scale</aspectratio>
		</control>
		<control type="visualisation">
			<description>visualisation</description>
			<posx>0</posx>
			<posy>0</posy>
			<include>ScreenWidth</include>
			<height>960</height>
		</control>
		<include>CommonBottomBar</include>
		<include>PlayerControlsAll</include>
	    <include>DayNight</include>

	</controls>
</window>
