<?xml version="1.0" encoding="UTF-8"?>
<timers>
    <timer>
        <name>autoclosevideoosd</name>
        <description>Timer to auto close the video OSD (if enabled in the skin settings)</description>
        <start reset="true">Window.IsActive(videoosd) + Skin.HasSetting(OSDAutoClose) + !String.IsEqual(window(home).Property(settingsdialog_content),osd) + !Window.IsActive(osdsubtitlesettings) + !Window.IsActive(osdaudiosettings) + !Window.IsActive(osdvideosettings) + !Window.IsActive(OSDCMSSettings)</start>
        <reset>Window.IsActive(videoosd) + !System.IdleTime(1) + Integer.IsGreaterOrEqual(Skin.TimerElapsedSecs(autoclosevideoosd), 1) | String.IsEqual(window(home).Property(settingsdialog_content),osd) | Window.IsActive(osdsubtitlesettings) | Window.IsActive(osdaudiosettings) | Window.IsActive(osdvideosettings) | Window.IsActive(OSDCMSSettings)</reset>
        <stop>!Window.IsActive(videoosd) | String.IsEmpty(Skin.String(OSDAutoCloseTime)) + Integer.IsGreaterOrEqual(Skin.TimerElapsedSecs(autoclosevideoosd), 4) | !String.IsEmpty(Skin.String(OSDAutoCloseTime)) + Integer.IsGreaterOrEqual(Skin.TimerElapsedSecs(autoclosevideoosd),Skin.Numeric(OSDAutoCloseTime))</stop>
        <onstop>Dialog.Close(videoosd)</onstop>
    </timer>
    <timer>
        <name>1109_topbaroverlay</name>
        <description>A timer that is activated when the topbaroverlay is loaded and stops automatically after 5 seconds (or playback is resumed)</description>
        <start reset="true">[Window.IsActive(videoosd) | Window.IsActive(musicosd) | Window.IsActive(playerprocessinfo)] | [Window.IsActive(1109) + [Player.Seeking | Player.Forwarding | Player.Rewinding | Player.HasPerformedSeek(1)]]</start>
        <reset>Player.Seeking | Player.Forwarding | Player.Rewinding | Player.HasPerformedSeek(1)</reset>
        <stop>Integer.IsGreaterOrEqual(Skin.TimerElapsedSecs(1109_topbaroverlay),5) | Player.Playing</stop>
    </timer>
</timers>