<?xml version="1.0" encoding="UTF-8"?>
<includes>
	<include name="Thumbnail">
		<control type="panel" id="50">
			<posx>130</posx>
			<posy>100</posy>
			<width>$PARAM[panel-width]</width>
			<height>700</height>
			<onleft>2</onleft>
			<onright>60</onright>
			<onup>50</onup>
			<ondown>50</ondown>
			<viewtype label="21371">list</viewtype>
			<pagecontrol>60</pagecontrol>
			<scrolltime>200</scrolltime>
			<preloaditems>4</preloaditems>
			<animation effect="slide" start="0,0" end="-1,0" time="0" condition="String.IsEqual(Skin.AspectRatio,4:3)">Conditional</animation>
			<animation effect="slide" start="0,0" end="-1,0" time="0" condition="String.IsEqual(Skin.AspectRatio,16:9) + Container.Content(Episodes)">Conditional</animation>
			<animation effect="slide" start="0,0" end="28,0" time="0" condition="String.IsEqual(Skin.AspectRatio,4:3) + Container.Content(Episodes)">Conditional</animation>
			<itemlayout condition="!Container.Content(Movies) + !Container.Content(Seasons) + !Container.Content(Episodes) + !Container.Content(TVShows) + !Container.Content(MusicVideos) + !Container.Content(Videos)" height="350" width="$PARAM[layout-width]">
				<control type="image">
					<posx>5</posx>
					<posy>0</posy>
					<width>380</width>
					<height>350</height>
					<texture>button_nofocus.png</texture>
					<bordertexture border="6">panel_shadow.png</bordertexture>
					<bordersize>5</bordersize>
				</control>
				<control type="image">
					<posx>10</posx>
					<posy>5</posy>
					<width>380</width>
					<height>200</height>
					<texture background="true">$INFO[Listitem.Icon]</texture>
					<aspectratio>scale</aspectratio>
					<visible>Container.Content(Artists) | Container.Content(Albums) | Container.Content(Songs) | Container.Content(Addons) | Container.Content(Games) | Container.Content(Images) | Container.Content(Actors) | Container.Content(Sets)</visible>
				</control>
				<control type="image">
					<posx>30</posx>
					<posy>30</posy>
					<width>380</width>
					<height>160</height>
					<texture background="true">$INFO[Listitem.Icon]</texture>
					<aspectratio>keep</aspectratio>
					<visible>Container.Content() | Container.Content(Files) | Container.Content(Games) | Container.Content(Genres) | Container.Content(Years) | Container.Content(Directors) | Container.Content(Studios) | Container.Content(Countries) | Container.Content(Tags) | Container.Content(Playlists)</visible>
				</control>
				<control type="image">
					<posx>10</posx>
					<posy>205</posy>
					<width>370</width>
					<height>140</height>
					<texture colordiffuse="40000000">black.png</texture>
				</control>
				<control type="textbox">
					<posx>15</posx>
					<posy>210</posy>
					<width>380</width>
					<height>130</height>
					<font>font24_title</font>
					<selectedcolor>selected</selectedcolor>
					<align>center</align>
					<aligny>center</aligny>
					<label>$INFO[ListItem.Label]</label>
				</control>
				<control type="image">
					<posx>180</posx>
					<posy>2</posy>
					<width>30</width>
					<height>30</height>
					<aspectratio>keep</aspectratio>
					<texture>OverlayWatched.png</texture>
					<visible>Window.IsVisible(AddonBrowser) + String.IsEqual(ListItem.Label2,$LOCALIZE[305])</visible>
				</control>
			</itemlayout>
			<focusedlayout condition="!Container.Content(Movies) + !Container.Content(Seasons) + !Container.Content(Episodes) + !Container.Content(TVShows) + !Container.Content(MusicVideos) + !Container.Content(Videos)" height="350" width="$PARAM[layout-width]">
				<control type="image">
					<posx>5</posx>
					<posy>0</posy>
					<width>380</width>
					<height>350</height>
					<texture>button_nofocus.png</texture>
					<bordertexture border="6">panel_shadow.png</bordertexture>
					<bordersize>5</bordersize>
				</control>
				<control type="image">
					<posx>10</posx>
					<posy>5</posy>
					<width>380</width>
					<height>200</height>
					<texture background="true">$INFO[Listitem.Icon]</texture>
					<aspectratio>scale</aspectratio>
					<visible>Container.Content(Artists) | Container.Content(Albums) | Container.Content(Songs) | Container.Content(Addons) | Container.Content(Games) | Container.Content(Images) | Container.Content(Actors) | Container.Content(Sets)</visible>
				</control>
				<control type="image">
					<posx>30</posx>
					<posy>30</posy>
					<width>380</width>
					<height>160</height>
					<texture background="true">$INFO[Listitem.Icon]</texture>
					<aspectratio>keep</aspectratio>
					<visible>Container.Content() | Container.Content(Files) | Container.Content(Genres) | Container.Content(Years) | Container.Content(Directors) | Container.Content(Studios) | Container.Content(Countries) | Container.Content(Tags) | Container.Content(Playlists)</visible>
				</control>
				<control type="image">
					<posx>10</posx>
					<posy>205</posy>
					<width>370</width>
					<height>140</height>
					<texture colordiffuse="blue">white.png</texture>
				</control>
				<control type="textbox">
					<posx>15</posx>
					<posy>210</posy>
					<width>380</width>
					<height>130</height>
					<font>font24_title</font>
					<selectedcolor>selected</selectedcolor>
					<align>center</align>
					<aligny>center</aligny>
					<label>$INFO[ListItem.Label]</label>
				</control>
				<control type="image">
					<posx>180</posx>
					<posy>2</posy>
					<width>30</width>
					<height>30</height>
					<aspectratio>keep</aspectratio>
					<texture>OverlayWatched.png</texture>
					<visible>Window.IsVisible(AddonBrowser) + String.IsEqual(ListItem.Label2,$LOCALIZE[305])</visible>
				</control>
			</focusedlayout>
			<itemlayout condition="Container.Content(Movies) | Container.Content(Seasons) | Container.Content(TVShows)" height="350" width="$PARAM[layout-width]">
				<control type="image">
					<posx>5</posx>
					<posy>0</posy>
					<width>250</width>
					<height>355</height>
					<texture>button_nofocus.png</texture>
					<bordertexture border="6">panel_shadow.png</bordertexture>
					<bordersize>5</bordersize>
				</control>
				<control type="image">
					<posx>10</posx>
					<posy>5</posy>
					<width>380</width>
					<height>300</height>
					<texture background="true">$VAR[PosterThumb]</texture>
					<aspectratio>stretch</aspectratio>
				</control>
				<control type="image">
					<posx>10</posx>
					<posy>305</posy>
					<width>380</width>
					<height>45</height>
					<texture colordiffuse="40000000">black.png</texture>
				</control>
				<control type="textbox">
					<posx>10</posx>
					<posy>299</posy>
					<width>380</width>
					<height>52</height>
					<font>font24_title</font>
					<selectedcolor>selected</selectedcolor>
					<align>center</align>
					<aligny>center</aligny>
					<label>$INFO[ListItem.Label]</label>
				</control>
				<control type="image">
					<posx>170</posx>
					<posy>11</posy>
					<width>40</width>
					<height>30</height>
					<texture>$INFO[ListItem.VideoResolution,flagging/resolution/,.png]</texture>
				</control>
				<control type="image">
					<posx>170</posx>
					<posy>11</posy>
					<width>40</width>
					<height>30</height>
					<texture>flagging/source/Set.png</texture>
					<visible>ListItem.IsCollection</visible>
				</control>
				<control type="image">
					<posx>170</posx>
					<posy>260</posy>
					<width>30</width>
					<height>30</height>
					<texture>$INFO[ListItem.Overlay]</texture>
				</control>
			</itemlayout>
			<focusedlayout condition="Container.Content(Movies) | Container.Content(Seasons) | Container.Content(TVShows)" height="350" width="$PARAM[layout-width]">
				<control type="image">
					<posx>5</posx>
					<posy>0</posy>
					<width>380</width>
					<height>355</height>
					<texture>button_nofocus.png</texture>
					<bordertexture border="6">panel_shadow.png</bordertexture>
					<bordersize>5</bordersize>
				</control>
				<control type="image">
					<posx>10</posx>
					<posy>5</posy>
					<width>370</width>
					<height>300</height>
					<texture background="true">$VAR[PosterThumb]</texture>
					<aspectratio>stretch</aspectratio>
				</control>
				<control type="image">
					<posx>10</posx>
					<posy>305</posy>
					<width>370</width>
					<height>140</height>
					<texture colordiffuse="blue">white.png</texture>
				</control>
				<control type="textbox">
					<posx>10</posx>
					<posy>299</posy>
					<width>380</width>
					<height>52</height>
					<font>font24_title</font>
					<selectedcolor>selected</selectedcolor>
					<align>center</align>
					<aligny>center</aligny>
					<label>$INFO[ListItem.Label]</label>
				</control>
				<control type="image">
					<posx>170</posx>
					<posy>11</posy>
					<width>40</width>
					<height>30</height>
					<texture>$INFO[ListItem.VideoResolution,flagging/resolution/,.png]</texture>
				</control>
				<control type="image">
					<posx>170</posx>
					<posy>11</posy>
					<width>40</width>
					<height>30</height>
					<texture>flagging/source/Set.png</texture>
					<visible>ListItem.IsCollection</visible>
				</control>
				<control type="image">
					<posx>170</posx>
					<posy>260</posy>
					<width>30</width>
					<height>30</height>
					<texture>$INFO[ListItem.Overlay]</texture>
				</control>
			</focusedlayout>
			<itemlayout condition="Container.Content(Episodes) | Container.Content(MusicVideos) | Container.Content(Videos)" height="350" width="$PARAM[layout-width]">
				<control type="image">
					<posx>0</posx>
					<posy>0</posy>
					<width>380</width>
					<height>350</height>
					<texture>button_nofocus.png</texture>
					<bordertexture border="6">panel_shadow.png</bordertexture>
					<bordersize>5</bordersize>
				</control>
				<control type="image">
					<posx>5</posx>
					<posy>5</posy>
					<width>370</width>
					<height>168</height>
					<aspectratio>scale</aspectratio>
					<texture background="true">$INFO[Listitem.Icon]</texture>
				</control>
				<control type="image">
					<posx>5</posx>
					<posy>210</posy>
					<width>370</width>
					<height>135</height>
					<texture colordiffuse="40000000">black.png</texture>
				</control>
				<control type="textbox">
					<posx>5</posx>
					<posy>210</posy>
					<width>380</width>
					<height>135</height>
					<font>font24_title</font>
					<selectedcolor>selected</selectedcolor>
					<align>center</align>
					<aligny>center</aligny>
					<label>$INFO[ListItem.Label]</label>
				</control>
				<control type="image">
					<posx>330</posx>
					<posy>10</posy>
					<width>40</width>
					<height>30</height>
					<texture>$INFO[ListItem.VideoResolution,flagging/resolution/,.png]</texture>
				</control>
				<control type="image">
					<posx>263</posx>
					<posy>145</posy>
					<width>30</width>
					<height>30</height>
					<texture>$INFO[ListItem.Overlay]</texture>
				</control>
			</itemlayout>
			<focusedlayout condition="Container.Content(Episodes) | Container.Content(MusicVideos) | Container.Content(Videos)" height="350" width="$PARAM[layout-width]">
				<control type="image">
					<posx>0</posx>
					<posy>0</posy>
					<width>380</width>
					<height>350</height>
					<texture>button_nofocus.png</texture>
					<bordertexture border="6">panel_shadow.png</bordertexture>
					<bordersize>5</bordersize>
				</control>
				<control type="image">
					<posx>5</posx>
					<posy>5</posy>
					<width>370</width>
					<height>168</height>
					<aspectratio>scale</aspectratio>
					<texture background="true">$INFO[Listitem.Icon]</texture>
				</control>
				<control type="image">
					<posx>5</posx>
					<posy>210</posy>
					<width>370</width>
					<height>135</height>
					<texture colordiffuse="blue">white.png</texture>
				</control>
				<control type="textbox">
					<posx>5</posx>
					<posy>210</posy>
					<width>380</width>
					<height>135</height>
					<font>font24_title</font>
					<selectedcolor>selected</selectedcolor>
					<align>center</align>
					<aligny>center</aligny>
					<label>$INFO[ListItem.Label]</label>
				</control>
				<control type="image">
					<posx>330</posx>
					<posy>10</posy>
					<width>40</width>
					<height>30</height>
					<texture>$INFO[ListItem.VideoResolution,flagging/resolution/,.png]</texture>
				</control>
				<control type="image">
					<posx>263</posx>
					<posy>145</posy>
					<width>30</width>
					<height>30</height>
					<texture>$INFO[ListItem.Overlay]</texture>
				</control>
			</focusedlayout>
		</control>
	</include>
</includes>
