<?xml version="1.0" encoding="UTF-8"?>
<addon id="repository.jorgebeserra" name="Jorge Beserra Repository" version="1.0.0" provider-name="JorgeBeserra">
    <requires>
        <import addon="xbmc.addon" version="13.0.0"/>
    </requires>
    <extension point="xbmc.addon.repository" name="Jorge Beserra Repository">
        <dir>
            <info compressed="false">https://raw.githubusercontent.com/JorgeBeserra/CarPc-Carbon-K19/refs/heads/master/addons.xml</info>
            <checksum>https://raw.githubusercontent.com/JorgeBeserra/CarPc-Carbon-K19/refs/heads/master/addons.xml.md5</checksum>
            <datadir zip="true">https://github.com/JorgeBeserra/CarPc-Carbon-K19/raw/master/zips/</datadir>
        </dir>
    </extension>
    <extension point="xbmc.addon.metadata">
        <summary>Jorge Beserra's Addon Repository</summary>
        <description>Repository for CarPc-Carbon and related addons</description>
        <platform>all</platform>
    </extension>
</addon>