<?xml version="1.0" encoding="UTF-8"?>
<window>
	<defaultcontrol always="true">50</defaultcontrol>
	<views>50,500,550</views>
	<onunload>ClearProperty(PopupMenuVisible,Home)</onunload>
	<controls>
		<include>CommonBackground</include>
		<include>SideMenu</include>
		<include>Header</include>
		<include>CommonNowPlaying</include>
		<include>Footer</include>
		<control type="label">
			<description>Window label</description>
			<include>MediaWindowTitleCommons</include>
			<label>$LOCALIZE[24001]$INFO[Container.FolderName, - ]</label>
			<visible>!String.IsEqual(ListItem.Path,addons://)</visible>
		</control>
		<control type="label">
			<description>Window label</description>
			<include>MediaWindowTitleCommons</include>
			<label>$LOCALIZE[24001] - $LOCALIZE[31039] $INFO[Window(AddonBrowser).Property(Updated)]</label>
			<visible>String.IsEqual(ListItem.Path,addons://)</visible>
		</control>
		<control type="group">
			<include>Window_OpenClose_Animation_Zoom</include>
			<include content="Thumbnail" condition="String.IsEqual(Skin.AspectRatio,16:9)"> <!-- view id = 50 -->
				<param name="panel-width" value="1530"/>
				<param name="layout-width" value="380"/>
			</include>
			<include content="Thumbnail" condition="String.IsEqual(Skin.AspectRatio,4:3)"> <!-- view id = 50 -->
				<param name="panel-width" value="1090"/>
				<param name="layout-width" value="363"/>
			</include>
			<include content="List" condition="String.IsEqual(Skin.AspectRatio,16:9)"> <!-- view id = 500 -->
				<param name="panel-width" value="1530"/>
				<param name="label-width" value="1230"/>
				<param name="label2-posx" value="1360r"/>
			</include>
			<include content="List" condition="String.IsEqual(Skin.AspectRatio,4:3)"> <!-- view id = 500 -->
				<param name="panel-width" value="1090"/>
				<param name="label-width" value="790"/>
				<param name="label2-posx" value="920r"/>
			</include>
			<include content="Wide" condition="String.IsEqual(Skin.AspectRatio,16:9)"> <!-- view id = 550 -->
				<param name="panel-width" value="1530"/>
				<param name="textbox-width-movies" value="1350"/>
				<param name="textbox-width-episodes" value="1250"/>
			</include>
			<include content="Wide" condition="String.IsEqual(Skin.AspectRatio,4:3)"> <!-- view id = 550 -->
				<param name="panel-width" value="1090"/>
				<param name="textbox-width-movies" value="910"/>
				<param name="textbox-width-episodes" value="810"/>
			</include>
		</control>
		<include>ScrollBarCommons</include>
		<include>BottomMenu</include>
		<include content="PopupMenu">
			<param name="panel-posy">80</param>
			<param name="panel-height">480</param>
		</include>
		<include>ScrollOffsetLabel</include>
		<include>DayNight</include>
	</controls>
</window>
