<?xml version="1.0" encoding="UTF-8"?>
<window id="1121" type="dialog">
	<include>dialogeffect</include>
	<controls>
		<control type="button">
			<description>Hidden button to close the window when its focused</description>
			<posx>0</posx>
			<posy>0</posy>
			<width>ScreenWidth</width>
			<height>960</height>
			<texturenofocus></texturenofocus>
			<texturefocus></texturefocus>
			<onclick>Back</onclick>
			<visible>![Window.IsVisible(Notification) | Window.IsVisible(VolumeBar)]</visible>
		</control>
		<control type="group">
			<posx>430</posx>
			<posy>0</posy>
			<width>420</width>
			<height>78</height>
			<include>16x9_xPos_Relocation</include>
			<visible>![Window.IsVisible(Notification) | Window.IsVisible(VolumeBar)]</visible>
			<control type="label">
				<description>label</description>
				<posx>20</posx>
				<posy>10</posy>
				<height>58</height>
				<width>400</width>
				<label>13376</label>
				<font>font20_title</font>
				<aligny>center</aligny>
			</control>
			<control type="label">
				<description>Volumelabel</description>
				<posx>400</posx>
				<posy>10</posy>
				<height>58</height>
				<width>400</width>
				<label>$INFO[Control.GetLabel(1)]</label>
				<font>font20_title</font>
				<align>right</align>
				<aligny>center</aligny>
			</control>
			<control type="progress" id="2">
				<description>Volume</description>
				<posx>0</posx>
				<posy>68</posy>
				<width>420</width>
				<height>10</height>
				<texturebg colordiffuse="grey3">white.png</texturebg>
				<midtexture colordiffuse="blue">white.png</midtexture>
				<info>Player.Volume</info>
			</control>
			<control type="slider" id="1">
				<description>Volume Slider</description>
				<posx>0</posx>
				<posy>10</posy>
				<width>420</width>
				<height>80</height>
 				<info>Player.Volume</info>
				<action>Volume</action>
				<texturesliderbar></texturesliderbar>
				<textureslidernib></textureslidernib>
				<textureslidernibfocus></textureslidernibfocus>
			</control>
		</control>
	</controls>
</window>
