<?xml version="1.0" encoding="UTF-8"?>
<includes>
	<include name="HomeRecentlyAddedInfo">
		<control type="group">
			<posx>0</posx>
			<posy>230</posy>
			<animation type="WindowClose" reversible="false">
				<effect type="fade" start="100" end="0" time="400" />
			</animation>
			<animation type="WindowOpen" reversible="false">
				<effect type="slide" start="400,0" end="0,0" delay="200" easing="out" tween="quadratic" time="400" />
				<effect type="fade" start="0" end="100" delay="200" time="400" />
			</animation>
			<animation effect="slide" start="0,0" end="-20,0" time="0" condition="String.IsEqual(Skin.AspectRatio,4:3)">Conditional</animation>
			<control type="group" id="2010">
				<posx>$PARAM[group-posx]</posx>
				<posy>$PARAM[group-posy]</posy>
				<width>630</width>
				<height>150</height>
				<control type="panel" id="2100">
					<visible>Library.HasContent(Movies) + Container(9010).HasFocus(1) </visible>
					<animation type="Visible" reversible="false">
						<effect type="slide" start="400,0" end="0,0" delay="200" easing="out" tween="quadratic" time="400" />
						<effect type="fade" start="0" end="100" delay="200" time="400" />
					</animation>
					<animation type="Hidden" reversible="false">
						<effect type="zoom" start="100" end="50" center="auto" easing="in" tween="quadratic" time="400" />
						<effect type="fade" start="100" end="0" time="400" />
					</animation>
					<posx>0</posx>
					<posy>-15</posy>
					<width>$PARAM[panel-width]</width>
					<height>130</height>
					<onleft>1000</onleft>
					<onright>2100</onright>
					<onup>2001</onup>
					<ondown>2001</ondown>
					<viewtype label="535">list</viewtype>
					<pagecontrol></pagecontrol>
					<scrolltime>200</scrolltime>
					<orientation>horizontal</orientation>
					<itemlayout height="150" width="150">		
						<control type="image">
							<posx></posx>
							<posy></posy>
							<width>120</width>
							<height>130</height>
							<texture background="true">$INFO[Listitem.Icon]</texture>
						</control>
						<control type="image">
							<posx>0</posx>
							<posy>110</posy>
							<width>120</width>
							<height>20</height>
							<texture>black.png</texture>
							<bordertexture border="6">panel_shadow.png</bordertexture>
							<bordersize></bordersize>
							<colordiffuse>99000000</colordiffuse>
						</control>
						<control type="label">
							<posx>0</posx>
							<posy>110</posy>
							<width>106</width>
							<height>20</height>
							<font>font16</font>
							<textcolor>white</textcolor>
							<selectedcolor>selected</selectedcolor>
							<align>center</align>
							<aligny>center</aligny>
							<label>$INFO[ListItem.Label]</label>
						</control>
					</itemlayout>
					<focusedlayout height="150" width="150">
						<control type="image">
							<posx></posx>
							<posy></posy>
							<width>120</width>
							<height>130</height>
							<texture background="true">$INFO[Listitem.Icon]</texture>
						</control>
						<control type="image">
							<posx>0</posx>
							<posy>110</posy>
							<width>120</width>
							<height>20</height>
							<texture>black.png</texture>
							<bordertexture border="6">panel_shadow.png</bordertexture>
							<bordersize></bordersize>
							<colordiffuse>99000000</colordiffuse>
						</control>
						<control type="label">
							<posx>0</posx>
							<posy>110</posy>
							<width>106</width>
							<height>20</height>
							<font>font16</font>
							<textcolor>white</textcolor>
							<selectedcolor>selected</selectedcolor>
							<align>center</align>
							<aligny>center</aligny>
							<label>$INFO[ListItem.Label]</label>
						</control>
						<control type="image">
							<posx>0</posx>
							<posy>0</posy>
							<width>120</width>
							<height>130</height>
							<texture border="5">thumb_focus.png</texture>
						</control>
					</focusedlayout>
				<content target="movies" sortby="date" limit="15">videodb://recentlyaddedmovies/</content>
				</control>
				<control type="panel" id="2200">
				<visible>Container(9010).HasFocus(2)</visible>
				<animation type="Visible" reversible="false">
						<effect type="slide" start="400,0" end="0,0" delay="200" easing="out" tween="quadratic" time="400" />
						<effect type="fade" start="0" end="100" delay="200" time="400" />
					</animation>
					<animation type="Hidden" reversible="false">
						<effect type="zoom" start="100" end="50" center="auto" easing="in" tween="quadratic" time="400" />
						<effect type="fade" start="100" end="0" time="400" />
					</animation>
					<posx>0</posx>
					<posy>-15</posy>
					<width>$PARAM[panel-width]</width>
					<height>130</height>
					<onleft>1000</onleft>
					<onright>2200</onright>
					<onup>2002</onup>
					<ondown>2002</ondown>
					<viewtype label="535">list</viewtype>
					<pagecontrol>60</pagecontrol>
					<scrolltime>200</scrolltime>
					<orientation>horizontal</orientation>
					<itemlayout height="150" width="150">
						<control type="image">
							<posx>0</posx>
							<posy>0</posy>
							<width>120</width>
							<height>130</height>
							<texture>square.png</texture>
							<bordertexture border="6"></bordertexture>
							<bordersize></bordersize>
							<colordiffuse></colordiffuse>
						</control>
						<control type="image">
							<posx>3</posx>
							<posy>3</posy>
							<width>114</width>
							<height>97</height>
							<texture background="true">$INFO[Listitem.Icon]</texture>
						</control>
						<control type="label">
							<posx>2</posx>
							<posy>100</posy>
							<width>106</width>
							<height>30</height>
							<font>font16</font>
							<textcolor>white</textcolor>
							<selectedcolor>selected</selectedcolor>
							<align>center</align>
							<aligny>center</aligny>
							<label>$INFO[ListItem.Label]</label>
						</control>
					</itemlayout>
					<focusedlayout height="130" width="150">
						<control type="image">
							<posx>0</posx>
							<posy>0</posy>
							<width>120</width>
							<height>130</height>
							<texture>black.png</texture>
							<bordertexture border="6">panel_shadow.png</bordertexture>
							<bordersize></bordersize>
							<colordiffuse>99000000</colordiffuse>
						</control>
						<control type="image">
							<posx>3</posx>
							<posy>3</posy>
							<width>114</width>
							<height>97</height>
							<texture background="true">$INFO[Listitem.Icon]</texture>
						</control>
						<control type="label">
							<posx>2</posx>
							<posy>100</posy>
							<width>106</width>
							<height>30</height>
							<font>font16</font>
							<textcolor>white</textcolor>
							<selectedcolor>selected</selectedcolor>
							<align>center</align>
							<aligny>center</aligny>
							<label>$INFO[ListItem.Label]</label>
						</control>
						<control type="image">
							<posx>0</posx>
							<posy>0</posy>
							<width>120</width>
							<height>130</height>
							<texture border="5">thumb_focus.png</texture>
						</control>
					</focusedlayout>
				<content>androidapp://sources/apps/</content>
				</control>
            <control type="panel" id="2300">
					<visible>Library.HasContent(Music) + Container(9010).HasFocus(3) </visible>
					<animation type="Visible" reversible="false">
						<effect type="slide" start="400,0" end="0,0" delay="200" easing="out" tween="quadratic" time="400" />
						<effect type="fade" start="0" end="100" delay="200" time="400" />
					</animation>
					<animation type="Hidden" reversible="false">
						<effect type="zoom" start="100" end="50" center="auto" easing="in" tween="quadratic" time="400" />
						<effect type="fade" start="100" end="0" time="400" />
					</animation>
					<posx>0</posx>
					<posy>-15</posy>
					<width>$PARAM[panel-width]</width>
					<height>130</height>
					<onleft>1000</onleft>
					<onright>2300</onright>
					<onup>2003</onup>
					<ondown>2003</ondown>
					<viewtype label="535">list</viewtype>
					<pagecontrol></pagecontrol>
					<scrolltime>200</scrolltime>
					<orientation>horizontal</orientation>
					<itemlayout height="150" width="150">
						<control type="image">
							<posx>0</posx>
							<posy>0</posy>
							<width>120</width>
							<height>130</height>
							<texture>square.png</texture>
							<bordertexture border="6"></bordertexture>
							<bordersize></bordersize>
							<colordiffuse></colordiffuse>
						</control>
						<control type="image">
							<posx>3</posx>
							<posy>3</posy>
							<width>114</width>
							<height>97</height>
							<texture background="true">$INFO[Listitem.Icon]</texture>
						</control>
						<control type="label">
							<posx>2</posx>
							<posy>100</posy>
							<width>106</width>
							<height>30</height>
							<font>font16</font>
							<textcolor>white</textcolor>
							<selectedcolor>selected</selectedcolor>
							<align>center</align>
							<aligny>center</aligny>
							<label>$INFO[ListItem.Label]</label>
						</control>
					</itemlayout>
					<focusedlayout height="150" width="150">
						<control type="image">
							<posx>0</posx>
							<posy>0</posy>
							<width>120</width>
							<height>130</height>
							<texture>black.png</texture>
							<bordertexture border="6">panel_shadow.png</bordertexture>
							<bordersize></bordersize>
							<colordiffuse>99000000</colordiffuse>
						</control>
						<control type="image">
							<posx>3</posx>
							<posy>3</posy>
							<width>114</width>
							<height>97</height>
							<texture background="true">$INFO[Listitem.Icon]</texture>
						</control>
						<control type="label">
							<posx>2</posx>
							<posy>100</posy>
							<width>106</width>
							<height>30</height>
							<font>font16</font>
							<textcolor>white</textcolor>
							<selectedcolor>selected</selectedcolor>
							<align>center</align>
							<aligny>center</aligny>
							<label>$INFO[ListItem.Label]</label>
						</control>
						<control type="image">
							<posx>0</posx>
							<posy>0</posy>
							<width>120</width>
							<height>130</height>
							<texture border="5">thumb_focus.png</texture>
						</control>
					</focusedlayout>
				<content target="music" limit="15">musicdb://recentlyplayedalbums/</content>
				</control>
				<control type="panel" id="2400">
					<visible>Container(9010).HasFocus(4)</visible>
					<animation type="Visible" reversible="false">
						<effect type="slide" start="400,0" end="0,0" delay="200" easing="out" tween="quadratic" time="400" />
						<effect type="fade" start="0" end="100" delay="200" time="400" />
					</animation>
					<animation type="Hidden" reversible="false">
						<effect type="zoom" start="100" end="50" center="auto" easing="in" tween="quadratic" time="400" />
						<effect type="fade" start="100" end="0" time="400" />
					</animation>
					<posx>0</posx>
					<posy>-15</posy>
					<width>$PARAM[panel-width]</width>
					<height>130</height>
					<onleft>1000</onleft>
					<onright>2200</onright>
					<onup>2002</onup>
					<ondown>2002</ondown>
					<viewtype label="535">list</viewtype>
					<pagecontrol>60</pagecontrol>
					<scrolltime>200</scrolltime>
					<orientation>horizontal</orientation>
					<itemlayout height="150" width="146">
						<control type="image">
							<posx>0</posx>
							<posy>0</posy>
							<width>120</width>
							<height>130</height>
							<texture>square80.png</texture>
							<bordertexture border="6"></bordertexture>
							<bordersize></bordersize>
							<colordiffuse></colordiffuse>
						</control>
						<control type="image">
							<posx>3</posx>
							<posy>3</posy>
							<width>114</width>
							<height>97</height>
							<texture background="true">$INFO[Listitem.Icon]</texture>
						</control>
						<control type="label">
							<posx>2</posx>
							<posy>100</posy>
							<width>106</width>
							<height>30</height>
							<font>font16</font>
							<textcolor>white</textcolor>
							<selectedcolor>selected</selectedcolor>
							<align>center</align>
							<aligny>center</aligny>
							<label>$INFO[ListItem.Label]</label>
						</control>
					</itemlayout>
					<focusedlayout height="150" width="150">
						<control type="image">
							<posx>0</posx>
							<posy>0</posy>
							<width>120</width>
							<height>130</height>
							<texture>black.png</texture>
							<bordertexture border="5">panel_shadow.png</bordertexture>
							<bordersize>3</bordersize>
							<colordiffuse>99000000</colordiffuse>
						</control>
						<control type="image">
							<posx>3</posx>
							<posy>3</posy>
							<width>114</width>
							<height>97</height>
							<texture background="true">$INFO[Listitem.Icon]</texture>
						</control>
						<control type="label">
							<posx>2</posx>
							<posy>100</posy>
							<width>106</width>
							<height>30</height>
							<font>font16</font>
							<textcolor>white</textcolor>
							<selectedcolor>selected</selectedcolor>
							<align>center</align>
							<aligny>center</aligny>
							<label>$INFO[ListItem.Label]</label>
						</control>
						<control type="image">
							<posx>0</posx>
							<posy>0</posy>
							<width>120</width>
							<height>130</height>
							<texture border="5">thumb_focus.png</texture>
						</control>
					</focusedlayout>
					<content>
						<item>
							<label>$INFO[system.addontitle(Skin.String(HomeAddonButton1))]</label>
							<label2></label2>
							<onclick>RunAddon($INFO[Skin.String(HomeAddonButton1)])</onclick>
							<icon>$INFO[system.addonicon(Skin.String(HomeAddonButton1))]</icon>
							<thumb></thumb>
							<visible>!String.IsEmpty(Skin.String(HomeAddonButton1))</visible>
						</item>
						<item>
							<label>$INFO[system.addontitle(Skin.String(HomeAddonButton2))]</label>
							<label2></label2>
							<onclick>RunAddon($INFO[Skin.String(HomeAddonButton2)])</onclick>
							<icon>$INFO[system.addonicon(Skin.String(HomeAddonButton2))]</icon>
							<thumb></thumb>
							<visible>!String.IsEmpty(Skin.String(HomeAddonButton2))</visible>
						</item>
						<item>
							<label>$INFO[system.addontitle(Skin.String(HomeAddonButton3))]</label>
							<label2></label2>
							<onclick>RunAddon($INFO[Skin.String(HomeAddonButton3)])</onclick>
							<icon>$INFO[system.addonicon(Skin.String(HomeAddonButton3))]</icon>
							<thumb></thumb>
							<visible>!String.IsEmpty(Skin.String(HomeAddonButton3))</visible>
						</item>
						<item>
							<label>$INFO[system.addontitle(Skin.String(HomeAddonButton4))]</label>
							<label2></label2>
							<onclick>RunAddon($INFO[Skin.String(HomeAddonButton4)])</onclick>
							<icon>$INFO[system.addonicon(Skin.String(HomeAddonButton4))]</icon>
							<thumb></thumb>
							<visible>!String.IsEmpty(Skin.String(HomeAddonButton4))</visible>
						</item>
						<item>
							<label>$INFO[system.addontitle(Skin.String(HomeAddonButton5))]</label>
							<label2></label2>
							<onclick>RunAddon($INFO[Skin.String(HomeAddonButton5)])</onclick>
							<icon>$INFO[system.addonicon(Skin.String(HomeAddonButton5))]</icon>
							<thumb></thumb>
							<visible>!String.IsEmpty(Skin.String(HomeAddonButton5))</visible>
						</item>
						<item>
							<label>$INFO[system.addontitle(Skin.String(HomeAddonButton6))]</label>
							<label2></label2>
							<onclick>RunAddon($INFO[Skin.String(HomeAddonButton6)])</onclick>
							<icon>$INFO[system.addonicon(Skin.String(HomeAddonButton6))]</icon>
							<thumb></thumb>
							<visible>!String.IsEmpty(Skin.String(HomeAddonButton6))</visible>
						</item>
						<item>
							<label>$INFO[system.addontitle(Skin.String(HomeAddonButton7))]</label>
							<label2></label2>
							<onclick>RunAddon($INFO[Skin.String(HomeAddonButton7)])</onclick>
							<icon>$INFO[system.addonicon(Skin.String(HomeAddonButton7))]</icon>
							<thumb></thumb>
							<visible>!String.IsEmpty(Skin.String(HomeAddonButton7))</visible>
						</item>
						<item>
							<label>$INFO[system.addontitle(Skin.String(HomeAddonButton8))]</label>
							<label2></label2>
							<onclick>RunAddon($INFO[Skin.String(HomeAddonButton8)])</onclick>
							<icon>$INFO[system.addonicon(Skin.String(HomeAddonButton8))]</icon>
							<thumb></thumb>
							<visible>!String.IsEmpty(Skin.String(HomeAddonButton8))</visible>
						</item>
						<item>
							<label>$INFO[system.addontitle(Skin.String(HomeAddonButton9))]</label>
							<label2></label2>
							<onclick>RunAddon($INFO[Skin.String(HomeAddonButton9)])</onclick>
							<icon>$INFO[system.addonicon(Skin.String(HomeAddonButton9))]</icon>
							<thumb></thumb>
							<visible>!String.IsEmpty(Skin.String(HomeAddonButton9))</visible>
						</item>
						<item>
							<label>$INFO[system.addontitle(Skin.String(HomeAddonButton10))]</label>
							<label2></label2>
							<onclick>RunAddon($INFO[Skin.String(HomeAddonButton10)])</onclick>
							<icon>$INFO[system.addonicon(Skin.String(HomeAddonButton10))]</icon>
							<thumb></thumb>
							<visible>!String.IsEmpty(Skin.String(HomeAddonButton10))</visible>
						</item>
						<item>
							<label>$INFO[system.addontitle(Skin.String(HomeAddonButton11))]</label>
							<label2></label2>
							<onclick>RunAddon($INFO[Skin.String(HomeAddonButton11)])</onclick>
							<icon>$INFO[system.addonicon(Skin.String(HomeAddonButton11))]</icon>
							<thumb></thumb>
							<visible>!String.IsEmpty(Skin.String(HomeAddonButton11))</visible>
						</item>
						<item>
							<label>$INFO[system.addontitle(Skin.String(HomeAddonButton12))]</label>
							<label2></label2>
							<onclick>RunAddon($INFO[Skin.String(HomeAddonButton12)])</onclick>
							<icon>$INFO[system.addonicon(Skin.String(HomeAddonButton12))]</icon>
							<thumb></thumb>
							<visible>!String.IsEmpty(Skin.String(HomeAddonButton12))</visible>
						</item>
						<item>
							<label>$INFO[system.addontitle(Skin.String(HomeAddonButton13))]</label>
							<label2></label2>
							<onclick>RunAddon($INFO[Skin.String(HomeAddonButton13)])</onclick>
							<icon>$INFO[system.addonicon(Skin.String(HomeAddonButton13))]</icon>
							<thumb></thumb>
							<visible>!String.IsEmpty(Skin.String(HomeAddonButton13))</visible>
						</item>
						<item>
							<label>$INFO[system.addontitle(Skin.String(HomeAddonButton14))]</label>
							<label2></label2>
							<onclick>RunAddon($INFO[Skin.String(HomeAddonButton14)])</onclick>
							<icon>$INFO[system.addonicon(Skin.String(HomeAddonButton14))]</icon>
							<thumb></thumb>
							<visible>!String.IsEmpty(Skin.String(HomeAddonButton14))</visible>
						</item>
					</content>
				</control>
			</control>
		</control>
	</include>
</includes>
