<?xml version="1.0" encoding="UTF-8"?>
<includes>
	<include name="PlayerControlCommons">
	<include>Window_OpenClose_Animation_Zoom</include>
	<include>CommonTopBar</include>
	<include>CommonBottomBar</include>
		<control type="group">
			<posx>-260</posx>
			<posy>65</posy>
			<width>ScreenWidth</width>
			<include>16x9_xPos_Relocation</include>
			<visible>![Window.IsVisible(busydialog) | Window.IsVisible(extendedprogressdialog) | Window.IsVisible(Notification) | Window.IsVisible(volumebar)]</visible>
			<control type="group">
				<posx>64</posx>
				<visible>!Window.IsVisible(1112)</visible>
				<control type="label">
					<posx>0</posx>
					<posy>0</posy>
					<width>280</width>
					<height>20</height>
					<font>font30_title</font>
					<aligny>center</aligny>
					<label>$INFO[Player.Time(hh:mm:ss)]</label>
				</control>
				<control type="label">
					<posx>0</posx>
					<posy>40</posy>
					<width>552</width>
					<height>32</height>
					<font>font30_title</font>
					<align>center</align>
					<aligny>center</aligny>
					<label>$VAR[SeekLabel]</label>
				</control>
				
				<control type="progress">
					<description>Progressbar</description>
					<posx>150</posx>
					<posy>0</posy>
					<width>1200</width>
					<height>20</height>
					<info>Player.Cache</info>
					<midtexture colordiffuse="grey2">white.png</midtexture>
					<texturebg></texturebg>
				</control>
				<control type="progress">
					<description>Progressbar</description>
					<posx>150</posx>
					<posy>0</posy>
					<width>1010</width>
					<height>20</height>
					<info>Player.Progress</info>
				</control>
				<control type="label">
					<posx>1300</posx>
					<posy>0</posy>
					<width>180</width>
					<height>20</height>
					<font>font30_title</font>
					<align>right</align>
					<aligny>center</aligny>
					<label>$INFO[Player.Duration(hh:mm:ss)]</label>
				</control>
				<control type="slider" id="87">
					<description>Seek Slider</description>
					<posx>100</posx>
					<posy>0</posy>
					<width>1200</width>
					<height>32</height>
					<action>seek</action>
					<texturesliderbar></texturesliderbar>
					<textureslidernib></textureslidernib>
					<textureslidernibfocus></textureslidernibfocus>
				</control>
			</control>
		</control>
		<control type="group">
			<posx>270r</posx>
			<posy>0</posy>
			<control type="image">
				<posx>360r</posx>
				<posy>15</posy>
				<width>1</width>
				<height>120</height>
				<texture>linie_albastra_v.png</texture>
				<colordiffuse></colordiffuse>
			</control>
			<control type="button">
				<description>Home Button</description>
				<posx>360r</posx>
				<posy>0</posy>
				<width>160</width>
				<height>160</height>
				<font></font>
				<texturenofocus colordiffuse="icons">icon_home.png</texturenofocus>
				<texturefocus colordiffuse="blue">icon_home.png</texturefocus>
				<onclick>Dialog.Close(all)</onclick>
				<onclick>ActivateWindow(Home)</onclick>
			</control>
			<control type="image">
				<posx>160r</posx>
				<posy>15</posy>
				<width>1</width>
				<height>120</height>
				<texture>linie_albastra_v.png</texture>
				<colordiffuse></colordiffuse>
			</control>
			<control type="button">
				<description>Close Button</description>
				<posx>160r</posx>
				<posy>0</posy>
				<width>160</width>
				<height>160</height>
				<font></font>
				<onclick>Back</onclick>
				<texturefocus colordiffuse="blue">icon_dialog_close.png</texturefocus>
				<texturenofocus colordiffuse="icons">icon_dialog_close.png</texturenofocus>
			</control>
		</control>
		<control type="group">
			<visible>Window.IsVisible(MusicOSD)</visible>
			<posx>0</posx>
			<posy>750r</posy>
			<animation effect="slide" start="0,-200" end="0,0" time="300" easing="out" tween="quadratic" >Visible</animation>
			<animation effect="slide" start="0,0" end="0,-200" time="300" easing="in" tween="quadratic" >Hidden</animation>
			<control type="image">
				<posx>0</posx>
				<posy>350r</posy>
				<include>ScreenWidth</include>
				<height>200</height>
				<texture>side_panel.png</texture>
				<colordiffuse>A0000000</colordiffuse>
			</control>
			<control type="group">
				<control type="image">
					<description>cover image</description>
					<posx>50</posx>
					<posy>0</posy>
					<width>600</width>
					<height>600</height>
					<texture>$VAR[OSDImage]</texture>
					<aspectratio>keep</aspectratio>
				</control>
				<control type="label">
					<posx>800</posx>
					<posy>10</posy>
					<width>200</width>
					<height>50</height>
					<align>left</align>
					<font>font40</font>
					<textcolor>blue</textcolor>
					<label>Artist:</label>
				</control>
				<control type="label">
					<posx>800</posx>
					<posy>60</posy>
					<width>800</width>
					<height>50</height>
					<align>left</align>
					<font>font40</font>
					<label>$VAR[OSDLabel1]</label>
				</control>
				<control type="image">
					<posx>800</posx>
					<posy>120</posy>
					<width>800</width>
					<height>1</height>
					<texture >linie_albastra.png</texture>
				</control>
				<control type="label">
					<posx>800</posx>
					<posy>150</posy>
					<width>300</width>
					<height>50</height>
					<align>left</align>
					<font>font50_title</font>
					<textcolor>blue</textcolor>
					<label>Title:</label>
				</control>
				<control type="label">
					<posx>800</posx>
					<posy>230</posy>
					<width>800</width>
					<height>30</height>
					<font>font50_title</font>
					<align>left</align>
					<aligny>center</aligny>
					<label>$VAR[OSDLabel2]</label>
				</control>
				<control type="image">
					<posx>800</posx>
					<posy>280</posy>
					<width>800</width>
					<height>1</height>
					<texture >linie_albastra.png</texture>
				</control>
				<control type="label">
					<posx>800</posx>
					<posy>300</posy>
					<width>300</width>
					<height>50</height>
					<align>left</align>
					<font>font30</font>
					<textcolor>blue</textcolor>
					<label>Album:</label>
				</control>
				<control type="label">
					<posx>800</posx>
					<posy>340</posy>
					<width>800</width>
					<height>25</height>
					<align>left</align>
					<font>font30</font>
					<label>$VAR[OSDLabel3]</label>
				</control>
				<control type="group">
					<posx>275r</posx>
					<posy>300r</posy>
					<width>275</width>
					<height>100</height>
					<visible>Window.IsVisible(MusicOSD)</visible>
					<control type="image">
						<description>Rating</description>
						<posx>0</posx>
						<posy>0</posy>
						<width>256</width>
						<height>32</height>
						<texture fallback="rating/0.png">$INFO[MusicPlayer.UserRating,rating/,.png]</texture>
					</control>
					<control type="image">
						<description>Audio Codec Image</description>
						<posx>156</posx>
						<posy>32</posy>
						<width>100</width>
						<height>44</height>
						<texture>$INFO[MusicPlayer.Codec,flagging/audio/,.png]</texture>
					</control>
				</control>
				<control type="group">
					<posx>230r</posx>
					<posy>30</posy>
					<width>250</width>
					<height>100</height>
					<visible>Window.IsVisible(VideoOSD)</visible>
					<control type="image">
						<description>Video Codec Image</description>
						<posx>0</posx>
						<posy>0</posy>
						<width>100</width>
						<height>44</height>
						<texture>$INFO[VideoPlayer.VideoCodec,flagging/video/,.png]</texture>
					</control>
					<control type="image">
						<description>Resolution Image</description>
						<posx>115</posx>
						<posy>0</posy>
						<width>100</width>
						<height>44</height>
						<texture>$INFO[VideoPlayer.VideoResolution,flagging/video/,.png]</texture>
					</control>
					<control type="image">
						<description>Audio Codec Image</description>
						<posx>0</posx>
						<posy>40</posy>
						<width>100</width>
						<height>44</height>
						<texture>$INFO[VideoPlayer.AudioCodec,flagging/audio/,.png]</texture>
					</control>
					<control type="image">
						<description>Audio Codec Image</description>
						<posx>115</posx>
						<posy>40</posy>
						<width>100</width>
						<height>44</height>
						<texture>$INFO[VideoPlayer.AudioChannels,flagging/audio/,.png]</texture>
					</control>
				</control>
				<control type="label">
					<posx>20r</posx>
					<posy>340r</posy>
					<width>300</width>
					<height>25</height>
					<align>right</align>
					<aligny>center</aligny>
					<font>font30</font>
					<label>$VAR[OSDLabel4]</label>
				</control>
				<control type="label">
					<posx>20r</posx>
					<posy>200r</posy>
					<width>840</width>
					<height>25</height>
					<label>$VAR[OSDLabel5]</label>
					<align>right</align>
					<aligny>center</aligny>
					<font>font30</font>
				</control>
			</control>
		</control>
		<control type="group">
			<posx>-200</posx>
			<posy>145r</posy>
			<control type="grouplist">
				<posx>0</posx>
				<posy>0</posy>
				<width>ScreenWidth</width>
				<height>160</height>
				<align>center</align>
				<orientation>horizontal</orientation>
				<itemgap>30</itemgap>
				<control type="button">
					<width>140</width>
					<height>140</height>
					<texturefocus colordiffuse="blue">osd_previous.png</texturefocus>
					<texturenofocus colordiffuse="icons">osd_previous.png</texturenofocus>
					<onclick>PlayerControl(Previous)</onclick>
				</control>
				<control type="button">
					<width>140</width> <!-- <width>100</width> -->
					<height>140</height> <!-- <height>70</height> -->
					<texturefocus colordiffuse="blue">osd_rewind.png</texturefocus>
					<texturenofocus colordiffuse="icons">osd_rewind.png</texturenofocus>
					<onclick>PlayerControl(Rewind)</onclick>
				</control>
				<control type="togglebutton">
					<width>140</width>
					<height>140</height>
					<texturefocus colordiffuse="blue">osd_pause.png</texturefocus>
					<texturenofocus colordiffuse="icons">osd_pause.png</texturenofocus>
					<alttexturefocus colordiffuse="blue">osd_play.png</alttexturefocus>
					<alttexturenofocus colordiffuse="icons">osd_play.png</alttexturenofocus>
					<usealttexture>Player.Paused | Player.Forwarding | Player.Rewinding</usealttexture>
					<onclick>PlayerControl(Play)</onclick>
				</control>
				<control type="button">
					<width>140</width>
					<height>140</height>
					<texturefocus colordiffuse="blue">osd_stop.png</texturefocus>
					<texturenofocus colordiffuse="icons">osd_stop.png</texturenofocus>
					<onclick>PlayerControl(Stop)</onclick>
					<onclick>ParentDir</onclick>
				</control>
				<control type="button">
					<width>140</width>
					<height>140</height>
					<texturefocus colordiffuse="blue">osd_forward.png</texturefocus>
					<texturenofocus colordiffuse="icons">osd_forward.png</texturenofocus>
					<onclick>PlayerControl(Forward)</onclick>
				</control>
				<control type="button">
					<width>140</width>
					<height>140</height>
					<texturefocus colordiffuse="blue">osd_next.png</texturefocus>
					<texturenofocus colordiffuse="icons">osd_next.png</texturenofocus>
					<onclick>PlayerControl(Next)</onclick>
				</control>
				<control type="togglebutton">
					<width>100</width>
					<height>140</height>
					<texturefocus colordiffuse="blue">osd_record.png</texturefocus>
					<texturenofocus>osd_record.png</texturenofocus>
					<alttexturefocus colordiffuse="red">osd_record.png</alttexturefocus>
					<alttexturenofocus colordiffuse="red">osd_record.png</alttexturenofocus>
					<usealttexture>Player.Record</usealttexture>
					<onclick>PlayerControl(Record)</onclick>
					<visible>Player.CanRecord</visible>
				</control>
			</control>
		</control>
		<include>BottomMenu</include>
		<include>VolumeRightOSD</include>
		<include content="PopupMenu">
			<param name="panel-posy">180</param>
			<param name="panel-height">600</param>
		</include>
	</include>
</includes>
